content_id,genre_id
CNT00001,GEN01
CNT00001,GEN12
CNT00002,GEN04
CNT00003,GEN02
CNT00004,GEN15
CNT00004,GEN09
CNT00005,GEN07
CNT00006,GEN02
CNT00007,GEN09
CNT00008,GEN09
CNT00008,GEN04
CNT00009,GEN12
CNT00009,GEN09
CNT00010,GEN08
CNT00011,GEN13
CNT00011,GEN14
CNT00012,GEN13
CNT00013,GEN07
CNT00014,GEN03
CNT00015,GEN13
CNT00016,GEN02
CNT00017,GEN06
CNT00018,GEN10
CNT00018,GEN05
CNT00019,GEN12
CNT00019,GEN08
CNT00020,GEN15
CNT00021,GEN09
CNT00022,GEN11
CNT00023,GEN14
CNT00023,GEN06
CNT00024,GEN12
CNT00024,GEN02
CNT00025,GEN04
CNT00026,GEN02
CNT00026,GEN14
CNT00027,GEN02
CNT00028,GEN08
CNT00029,GEN06
CNT00029,GEN03
CNT00030,GEN04
CNT00031,GEN12
CNT00031,GEN11
CNT00032,GEN10
CNT00032,GEN11
CNT00033,GEN12
CNT00034,GEN08
CNT00035,GEN15
CNT00036,GEN09
CNT00036,GEN04
CNT00037,GEN14
CNT00037,GEN13
CNT00038,GEN04
CNT00038,GEN14
CNT00039,GEN06
CNT00040,GEN02
CNT00041,GEN10
CNT00042,GEN06
CNT00042,GEN04
CNT00043,GEN07
CNT00043,GEN11
CNT00044,GEN05
CNT00045,GEN12
CNT00046,GEN05
CNT00046,GEN12
CNT00047,GEN15
CNT00047,GEN10
CNT00048,GEN04
CNT00049,GEN03
CNT00049,GEN09
CNT00049,GEN08
CNT00050,GEN01
CNT00051,GEN03
CNT00051,GEN11
CNT00052,GEN11
CNT00053,GEN02
CNT00054,GEN10
CNT00055,GEN09
CNT00055,GEN05
CNT00055,GEN15
CNT00056,GEN01
CNT00056,GEN11
CNT00057,GEN11
CNT00057,GEN09
CNT00058,GEN13
CNT00058,GEN11
CNT00059,GEN05
CNT00060,GEN08
CNT00061,GEN12
CNT00062,GEN05
CNT00062,GEN09
CNT00063,GEN09
CNT00063,GEN02
CNT00064,GEN05
CNT00064,GEN14
CNT00065,GEN10
CNT00065,GEN04
CNT00066,GEN13
CNT00067,GEN13
CNT00068,GEN15
CNT00068,GEN01
CNT00068,GEN10
CNT00069,GEN01
CNT00070,GEN06
CNT00071,GEN14
CNT00071,GEN13
CNT00072,GEN01
CNT00073,GEN10
CNT00074,GEN02
CNT00074,GEN12
CNT00074,GEN08
CNT00075,GEN13
CNT00075,GEN09
CNT00076,GEN03
CNT00076,GEN11
CNT00077,GEN09
CNT00078,GEN09
CNT00079,GEN07
CNT00079,GEN04
CNT00080,GEN13
CNT00080,GEN12
CNT00080,GEN14
CNT00081,GEN05
CNT00082,GEN11
CNT00083,GEN08
CNT00083,GEN09
CNT00084,GEN04
CNT00085,GEN06
CNT00086,GEN09
CNT00087,GEN04
CNT00088,GEN12
CNT00089,GEN04
CNT00089,GEN02
CNT00090,GEN14
CNT00090,GEN06
CNT00090,GEN02
CNT00091,GEN05
CNT00092,GEN04
CNT00092,GEN09
CNT00093,GEN15
CNT00094,GEN10
CNT00094,GEN08
CNT00095,GEN08
CNT00096,GEN04
CNT00096,GEN02
CNT00097,GEN07
CNT00098,GEN07
CNT00099,GEN12
CNT00100,GEN11
CNT00101,GEN02
CNT00101,GEN01
CNT00101,GEN07
CNT00102,GEN13
CNT00102,GEN14
CNT00103,GEN04
CNT00104,GEN08
CNT00105,GEN03
CNT00106,GEN04
CNT00107,GEN02
CNT00107,GEN08
CNT00108,GEN14
CNT00108,GEN09
CNT00109,GEN11
CNT00110,GEN14
CNT00110,GEN01
CNT00110,GEN02
CNT00111,GEN14
CNT00111,GEN04
CNT00111,GEN03
CNT00112,GEN08
CNT00113,GEN07
CNT00114,GEN03
CNT00114,GEN07
CNT00114,GEN01
CNT00115,GEN05
CNT00115,GEN13
CNT00115,GEN14
CNT00116,GEN07
CNT00117,GEN12
CNT00117,GEN13
CNT00118,GEN12
CNT00118,GEN08
CNT00119,GEN05
CNT00120,GEN01
CNT00121,GEN09
CNT00121,GEN01
CNT00122,GEN01
CNT00122,GEN15
CNT00123,GEN09
CNT00123,GEN14
CNT00124,GEN01
CNT00125,GEN02
CNT00125,GEN14
CNT00125,GEN03
CNT00126,GEN02
CNT00127,GEN04
CNT00127,GEN07
CNT00128,GEN15
CNT00129,GEN10
CNT00129,GEN15
CNT00130,GEN02
CNT00131,GEN10
CNT00132,GEN06
CNT00132,GEN05
CNT00133,GEN12
CNT00134,GEN05
CNT00135,GEN11
CNT00136,GEN08
CNT00136,GEN06
CNT00137,GEN15
CNT00137,GEN02
CNT00137,GEN01
CNT00138,GEN10
CNT00139,GEN02
CNT00139,GEN09
CNT00139,GEN04
CNT00140,GEN03
CNT00141,GEN15
CNT00141,GEN02
CNT00141,GEN04
CNT00142,GEN03
CNT00143,GEN09
CNT00144,GEN10
CNT00144,GEN13
CNT00145,GEN01
CNT00145,GEN11
CNT00146,GEN05
CNT00146,GEN11
CNT00147,GEN15
CNT00148,GEN02
CNT00149,GEN12
CNT00149,GEN09
CNT00150,GEN05
CNT00151,GEN12
CNT00151,GEN06
CNT00152,GEN11
CNT00153,GEN09
CNT00153,GEN08
CNT00154,GEN15
CNT00155,GEN02
CNT00155,GEN11
CNT00156,GEN05
CNT00157,GEN06
CNT00158,GEN11
CNT00158,GEN05
CNT00159,GEN08
CNT00160,GEN07
CNT00160,GEN09
CNT00161,GEN02
CNT00162,GEN12
CNT00162,GEN03
CNT00162,GEN09
CNT00163,GEN06
CNT00164,GEN03
CNT00164,GEN07
CNT00165,GEN05
CNT00166,GEN15
CNT00167,GEN14
CNT00167,GEN01
CNT00168,GEN04
CNT00168,GEN11
CNT00169,GEN02
CNT00170,GEN09
CNT00171,GEN07
CNT00171,GEN10
CNT00172,GEN15
CNT00172,GEN04
CNT00173,GEN13
CNT00173,GEN15
CNT00174,GEN07
CNT00175,GEN12
CNT00176,GEN13
CNT00176,GEN07
CNT00176,GEN15
CNT00177,GEN12
CNT00177,GEN13
CNT00178,GEN03
CNT00179,GEN02
CNT00179,GEN07
CNT00180,GEN14
CNT00180,GEN08
CNT00181,GEN14
CNT00182,GEN06
CNT00182,GEN05
CNT00182,GEN13
CNT00183,GEN04
CNT00183,GEN01
CNT00184,GEN07
CNT00184,GEN06
CNT00185,GEN02
CNT00186,GEN05
CNT00186,GEN06
CNT00186,GEN11
CNT00187,GEN11
CNT00188,GEN09
CNT00188,GEN06
CNT00188,GEN01
CNT00189,GEN05
CNT00190,GEN05
CNT00191,GEN10
CNT00192,GEN12
CNT00193,GEN07
CNT00193,GEN10
CNT00194,GEN02
CNT00194,GEN07
CNT00194,GEN10
CNT00195,GEN01
CNT00196,GEN01
CNT00196,GEN09
CNT00197,GEN09
CNT00197,GEN11
CNT00197,GEN12
CNT00198,GEN12
CNT00198,GEN11
CNT00198,GEN04
CNT00199,GEN02
CNT00200,GEN15
CNT00200,GEN06
CNT00200,GEN10
CNT00201,GEN14
CNT00202,GEN15
CNT00203,GEN05
CNT00204,GEN06
CNT00204,GEN07
CNT00205,GEN09
CNT00205,GEN03
CNT00206,GEN11
CNT00207,GEN11
CNT00207,GEN12
CNT00207,GEN03
CNT00208,GEN05
CNT00208,GEN07
CNT00209,GEN01
CNT00210,GEN04
CNT00211,GEN10
CNT00212,GEN06
CNT00212,GEN08
CNT00213,GEN11
CNT00214,GEN08
CNT00215,GEN13
CNT00215,GEN12
CNT00216,GEN02
CNT00217,GEN11
CNT00218,GEN06
CNT00218,GEN02
CNT00219,GEN13
CNT00219,GEN04
CNT00220,GEN04
CNT00220,GEN13
CNT00221,GEN01
CNT00222,GEN08
CNT00223,GEN13
CNT00223,GEN02
CNT00224,GEN15
CNT00225,GEN04
CNT00225,GEN12
CNT00226,GEN08
CNT00226,GEN07
CNT00227,GEN11
CNT00228,GEN15
CNT00228,GEN13
CNT00229,GEN15
CNT00229,GEN02
CNT00230,GEN04
CNT00230,GEN03
CNT00231,GEN12
CNT00231,GEN09
CNT00232,GEN09
CNT00233,GEN14
CNT00234,GEN03
CNT00235,GEN11
CNT00235,GEN09
CNT00236,GEN10
CNT00236,GEN06
CNT00236,GEN13
CNT00237,GEN10
CNT00237,GEN14
CNT00238,GEN09
CNT00238,GEN07
CNT00239,GEN09
CNT00239,GEN08
CNT00240,GEN12
CNT00240,GEN14
CNT00241,GEN05
CNT00242,GEN14
CNT00242,GEN11
CNT00243,GEN13
CNT00244,GEN11
CNT00245,GEN08
CNT00246,GEN05
CNT00247,GEN06
CNT00248,GEN09
CNT00249,GEN03
CNT00250,GEN12
CNT00251,GEN04
CNT00252,GEN07
CNT00253,GEN08
CNT00254,GEN04
CNT00255,GEN07
CNT00255,GEN13
CNT00256,GEN12
CNT00256,GEN01
CNT00257,GEN13
CNT00257,GEN10
CNT00258,GEN01
CNT00259,GEN05
CNT00259,GEN13
CNT00259,GEN07
CNT00260,GEN14
CNT00260,GEN07
CNT00261,GEN12
CNT00262,GEN10
CNT00263,GEN08
CNT00263,GEN04
CNT00264,GEN08
CNT00265,GEN06
CNT00266,GEN13
CNT00266,GEN07
CNT00267,GEN14
CNT00267,GEN08
CNT00268,GEN10
CNT00268,GEN09
CNT00268,GEN01
CNT00269,GEN10
CNT00269,GEN15
CNT00269,GEN11
CNT00270,GEN11
CNT00271,GEN14
CNT00272,GEN01
CNT00273,GEN06
CNT00274,GEN06
CNT00275,GEN15
CNT00276,GEN13
CNT00277,GEN07
CNT00277,GEN05
CNT00277,GEN02
CNT00278,GEN12
CNT00279,GEN06
CNT00280,GEN02
CNT00281,GEN11
CNT00281,GEN01
CNT00282,GEN04
CNT00282,GEN15
CNT00283,GEN10
CNT00283,GEN03
CNT00284,GEN08
CNT00285,GEN10
CNT00285,GEN04
CNT00286,GEN05
CNT00287,GEN03
CNT00287,GEN10
CNT00288,GEN12
CNT00288,GEN15
CNT00289,GEN14
CNT00290,GEN05
CNT00291,GEN01
CNT00292,GEN10
CNT00292,GEN11
CNT00292,GEN07
CNT00293,GEN12
CNT00294,GEN10
CNT00295,GEN11
CNT00295,GEN04
CNT00296,GEN13
CNT00297,GEN11
CNT00298,GEN02
CNT00298,GEN13
CNT00299,GEN13
CNT00299,GEN01
CNT00299,GEN06
CNT00300,GEN11
CNT00301,GEN09
CNT00302,GEN01
CNT00302,GEN14
CNT00303,GEN08
CNT00304,GEN06
CNT00305,GEN14
CNT00305,GEN08
CNT00306,GEN07
CNT00306,GEN03
CNT00307,GEN11
CNT00307,GEN05
CNT00308,GEN15
CNT00308,GEN09
CNT00309,GEN08
CNT00309,GEN07
CNT00310,GEN10
CNT00310,GEN05
CNT00311,GEN04
CNT00312,GEN02
CNT00312,GEN05
CNT00313,GEN04
CNT00313,GEN13
CNT00314,GEN10
CNT00315,GEN06
CNT00315,GEN01
CNT00316,GEN06
CNT00317,GEN04
CNT00318,GEN05
CNT00319,GEN15
CNT00320,GEN15
CNT00320,GEN05
CNT00321,GEN09
CNT00321,GEN04
CNT00322,GEN12
CNT00323,GEN09
CNT00324,GEN12
CNT00324,GEN08
CNT00325,GEN08
CNT00325,GEN15
CNT00326,GEN02
CNT00326,GEN05
CNT00327,GEN12
CNT00328,GEN11
CNT00329,GEN08
CNT00329,GEN09
CNT00330,GEN07
CNT00331,GEN09
CNT00331,GEN06
CNT00331,GEN14
CNT00332,GEN05
CNT00332,GEN15
CNT00333,GEN02
CNT00334,GEN06
CNT00334,GEN02
CNT00335,GEN13
CNT00335,GEN12
CNT00336,GEN04
CNT00337,GEN05
CNT00337,GEN12
CNT00338,GEN13
CNT00338,GEN09
CNT00339,GEN02
CNT00339,GEN14
CNT00340,GEN04
CNT00341,GEN05
CNT00342,GEN09
CNT00343,GEN01
CNT00344,GEN09
CNT00344,GEN05
CNT00344,GEN12
CNT00345,GEN11
CNT00345,GEN14
CNT00345,GEN13
CNT00346,GEN14
CNT00347,GEN05
CNT00348,GEN08
CNT00349,GEN01
CNT00350,GEN14
CNT00351,GEN14
CNT00352,GEN08
CNT00353,GEN11
CNT00354,GEN03
CNT00354,GEN15
CNT00355,GEN05
CNT00355,GEN02
CNT00356,GEN02
CNT00356,GEN09
CNT00356,GEN13
CNT00357,GEN10
CNT00358,GEN04
CNT00358,GEN13
CNT00359,GEN08
CNT00360,GEN05
CNT00360,GEN14
CNT00360,GEN10
CNT00361,GEN05
CNT00361,GEN10
CNT00361,GEN14
CNT00362,GEN12
CNT00363,GEN13
CNT00364,GEN04
CNT00365,GEN02
CNT00366,GEN03
CNT00367,GEN03
CNT00367,GEN01
CNT00368,GEN12
CNT00369,GEN05
CNT00369,GEN01
CNT00370,GEN12
CNT00371,GEN14
CNT00372,GEN11
CNT00373,GEN05
CNT00374,GEN11
CNT00374,GEN10
CNT00375,GEN15
CNT00375,GEN04
CNT00376,GEN09
CNT00377,GEN03
CNT00378,GEN14
CNT00378,GEN03
CNT00378,GEN02
CNT00379,GEN13
CNT00380,GEN12
CNT00381,GEN15
CNT00381,GEN05
CNT00382,GEN08
CNT00383,GEN12
CNT00383,GEN07
CNT00384,GEN09
CNT00384,GEN15
CNT00384,GEN08
CNT00385,GEN10
CNT00386,GEN07
CNT00387,GEN10
CNT00387,GEN05
CNT00388,GEN04
CNT00389,GEN14
CNT00389,GEN15
CNT00389,GEN10
CNT00390,GEN01
CNT00390,GEN13
CNT00391,GEN05
CNT00391,GEN10
CNT00392,GEN13
CNT00393,GEN09
CNT00394,GEN15
CNT00394,GEN05
CNT00395,GEN10
CNT00396,GEN14
CNT00397,GEN02
CNT00398,GEN07
CNT00399,GEN11
CNT00400,GEN03
CNT00401,GEN12
CNT00402,GEN11
CNT00403,GEN14
CNT00403,GEN13
CNT00403,GEN09
CNT00404,GEN02
CNT00405,GEN06
CNT00406,GEN13
CNT00407,GEN09
CNT00408,GEN01
CNT00408,GEN11
CNT00409,GEN08
CNT00409,GEN07
CNT00410,GEN09
CNT00411,GEN13
CNT00412,GEN08
CNT00413,GEN04
CNT00413,GEN05
CNT00414,GEN15
CNT00415,GEN15
CNT00416,GEN02
CNT00416,GEN01
CNT00417,GEN10
CNT00417,GEN13
CNT00417,GEN04
CNT00418,GEN05
CNT00418,GEN09
CNT00419,GEN07
CNT00420,GEN14
CNT00421,GEN08
CNT00421,GEN02
CNT00421,GEN11
CNT00422,GEN08
CNT00422,GEN12
CNT00423,GEN12
CNT00424,GEN14
CNT00425,GEN08
CNT00426,GEN09
CNT00427,GEN04
CNT00428,GEN09
CNT00428,GEN12
CNT00428,GEN03
CNT00429,GEN05
CNT00429,GEN13
CNT00430,GEN07
CNT00430,GEN06
CNT00431,GEN09
CNT00431,GEN05
CNT00431,GEN01
CNT00432,GEN05
CNT00433,GEN10
CNT00433,GEN11
CNT00434,GEN03
CNT00435,GEN08
CNT00436,GEN09
CNT00437,GEN07
CNT00437,GEN08
CNT00438,GEN14
CNT00438,GEN04
CNT00438,GEN12
CNT00439,GEN07
CNT00440,GEN13
CNT00441,GEN06
CNT00442,GEN12
CNT00442,GEN13
CNT00443,GEN11
CNT00444,GEN11
CNT00444,GEN03
CNT00445,GEN01
CNT00446,GEN10
CNT00447,GEN02
CNT00448,GEN08
CNT00448,GEN02
CNT00449,GEN08
CNT00450,GEN03
CNT00451,GEN11
CNT00452,GEN02
CNT00452,GEN08
CNT00452,GEN13
CNT00453,GEN06
CNT00453,GEN10
CNT00453,GEN12
CNT00454,GEN02
CNT00455,GEN14
CNT00455,GEN11
CNT00456,GEN07
CNT00456,GEN06
CNT00457,GEN15
CNT00457,GEN13
CNT00458,GEN09
CNT00459,GEN02
CNT00460,GEN11
CNT00461,GEN04
CNT00461,GEN12
CNT00461,GEN02
CNT00462,GEN02
CNT00463,GEN12
CNT00463,GEN14
CNT00464,GEN03
CNT00465,GEN15
CNT00465,GEN01
CNT00466,GEN13
CNT00467,GEN06
CNT00468,GEN03
CNT00469,GEN07
CNT00470,GEN13
CNT00470,GEN03
CNT00471,GEN02
CNT00472,GEN07
CNT00472,GEN10
CNT00473,GEN08
CNT00473,GEN10
CNT00474,GEN08
CNT00475,GEN08
CNT00475,GEN05
CNT00476,GEN15
CNT00476,GEN13
CNT00477,GEN05
CNT00478,GEN03
CNT00478,GEN02
CNT00479,GEN06
CNT00480,GEN05
CNT00480,GEN11
CNT00480,GEN07
CNT00481,GEN08
CNT00481,GEN14
CNT00482,GEN07
CNT00483,GEN02
CNT00483,GEN04
CNT00484,GEN06
CNT00485,GEN12
CNT00485,GEN05
CNT00486,GEN14
CNT00487,GEN05
CNT00487,GEN01
CNT00488,GEN11
CNT00488,GEN13
CNT00489,GEN01
CNT00489,GEN10
CNT00490,GEN14
CNT00490,GEN05
CNT00491,GEN04
CNT00491,GEN10
CNT00492,GEN04
CNT00492,GEN11
CNT00493,GEN05
CNT00494,GEN12
CNT00494,GEN13
CNT00495,GEN14
CNT00495,GEN03
CNT00496,GEN15
CNT00496,GEN11
CNT00497,GEN05
CNT00497,GEN13
CNT00498,GEN10
CNT00499,GEN03
CNT00500,GEN05
CNT00501,GEN07
CNT00502,GEN03
CNT00503,GEN15
CNT00503,GEN06
CNT00504,GEN15
CNT00505,GEN03
CNT00506,GEN14
CNT00507,GEN13
CNT00507,GEN05
CNT00507,GEN12
CNT00508,GEN13
CNT00508,GEN02
CNT00509,GEN02
CNT00510,GEN04
CNT00511,GEN12
CNT00511,GEN11
CNT00512,GEN14
CNT00512,GEN13
CNT00512,GEN09
CNT00513,GEN13
CNT00514,GEN05
CNT00515,GEN08
CNT00516,GEN12
CNT00517,GEN10
CNT00517,GEN07
CNT00518,GEN06
CNT00518,GEN02
CNT00519,GEN08
CNT00519,GEN01
CNT00520,GEN09
CNT00520,GEN06
CNT00521,GEN04
CNT00521,GEN11
CNT00521,GEN02
CNT00522,GEN08
CNT00522,GEN12
CNT00523,GEN07
CNT00524,GEN01
CNT00525,GEN05
CNT00525,GEN08
CNT00525,GEN02
CNT00526,GEN15
CNT00527,GEN07
CNT00528,GEN11
CNT00529,GEN12
CNT00529,GEN09
CNT00529,GEN07
CNT00530,GEN12
CNT00530,GEN03
CNT00531,GEN11
CNT00531,GEN02
CNT00532,GEN10
CNT00532,GEN07
CNT00533,GEN05
CNT00533,GEN01
CNT00533,GEN12
CNT00534,GEN08
CNT00535,GEN04
CNT00536,GEN02
CNT00536,GEN11
CNT00537,GEN15
CNT00538,GEN06
CNT00538,GEN01
CNT00538,GEN07
CNT00539,GEN02
CNT00540,GEN14
CNT00540,GEN08
CNT00540,GEN02
CNT00541,GEN11
CNT00541,GEN15
CNT00542,GEN01
CNT00542,GEN15
CNT00543,GEN04
CNT00543,GEN03
CNT00544,GEN04
CNT00544,GEN02
CNT00545,GEN09
CNT00545,GEN04
CNT00546,GEN14
CNT00546,GEN15
CNT00547,GEN13
CNT00548,GEN15
CNT00549,GEN05
CNT00549,GEN14
CNT00550,GEN03
CNT00550,GEN09
CNT00550,GEN05
CNT00551,GEN02
CNT00551,GEN11
CNT00552,GEN03
CNT00552,GEN01
CNT00553,GEN13
CNT00554,GEN06
CNT00555,GEN05
CNT00556,GEN12
CNT00557,GEN02
CNT00558,GEN08
CNT00558,GEN15
CNT00559,GEN09
CNT00559,GEN10
CNT00560,GEN09
CNT00561,GEN10
CNT00562,GEN13
CNT00563,GEN11
CNT00563,GEN09
CNT00563,GEN05
CNT00564,GEN01
CNT00565,GEN08
CNT00566,GEN07
CNT00566,GEN11
CNT00567,GEN12
CNT00568,GEN02
CNT00568,GEN15
CNT00568,GEN06
CNT00569,GEN02
CNT00569,GEN03
CNT00570,GEN11
CNT00571,GEN12
CNT00571,GEN06
CNT00572,GEN10
CNT00573,GEN08
CNT00574,GEN07
CNT00575,GEN12
CNT00576,GEN11
CNT00577,GEN13
CNT00577,GEN09
CNT00578,GEN04
CNT00578,GEN07
CNT00579,GEN04
CNT00580,GEN14
CNT00581,GEN07
CNT00582,GEN06
CNT00582,GEN07
CNT00583,GEN05
CNT00584,GEN03
CNT00585,GEN08
CNT00585,GEN02
CNT00586,GEN02
CNT00587,GEN02
CNT00588,GEN06
CNT00588,GEN13
CNT00589,GEN01
CNT00590,GEN09
CNT00590,GEN15
CNT00591,GEN02
CNT00592,GEN14
CNT00593,GEN13
CNT00593,GEN07
CNT00594,GEN12
CNT00594,GEN01
CNT00595,GEN10
CNT00595,GEN05
CNT00595,GEN06
CNT00596,GEN09
CNT00597,GEN11
CNT00598,GEN14
CNT00599,GEN14
CNT00600,GEN02
CNT00600,GEN13
CNT00601,GEN04
CNT00602,GEN14
CNT00602,GEN09
CNT00603,GEN14
CNT00603,GEN10
CNT00603,GEN15
CNT00604,GEN09
CNT00604,GEN01
CNT00605,GEN11
CNT00605,GEN14
CNT00606,GEN01
CNT00606,GEN03
CNT00607,GEN13
CNT00608,GEN06
CNT00609,GEN03
CNT00610,GEN10
CNT00610,GEN11
CNT00611,GEN03
CNT00612,GEN01
CNT00612,GEN02
CNT00613,GEN04
CNT00613,GEN07
CNT00614,GEN06
CNT00615,GEN05
CNT00616,GEN13
CNT00616,GEN10
CNT00617,GEN15
CNT00617,GEN01
CNT00618,GEN13
CNT00619,GEN11
CNT00619,GEN02
CNT00620,GEN11
CNT00621,GEN10
CNT00622,GEN05
CNT00623,GEN09
CNT00624,GEN07
CNT00625,GEN11
CNT00626,GEN08
CNT00626,GEN09
CNT00627,GEN01
CNT00627,GEN04
CNT00628,GEN10
CNT00629,GEN04
CNT00630,GEN04
CNT00631,GEN13
CNT00631,GEN05
CNT00632,GEN02
CNT00633,GEN12
CNT00634,GEN03
CNT00635,GEN12
CNT00636,GEN09
CNT00637,GEN13
CNT00637,GEN06
CNT00638,GEN14
CNT00639,GEN07
CNT00639,GEN01
CNT00640,GEN02
CNT00641,GEN10
CNT00641,GEN07
CNT00642,GEN12
CNT00642,GEN11
CNT00643,GEN02
CNT00644,GEN06
CNT00645,GEN10
CNT00646,GEN12
CNT00647,GEN02
CNT00647,GEN07
CNT00647,GEN15
CNT00648,GEN10
CNT00649,GEN02
CNT00650,GEN05
CNT00651,GEN04
CNT00651,GEN06
CNT00652,GEN02
CNT00652,GEN09
CNT00653,GEN09
CNT00653,GEN15
CNT00654,GEN13
CNT00655,GEN12
CNT00656,GEN11
CNT00656,GEN14
CNT00656,GEN03
CNT00657,GEN03
CNT00658,GEN03
CNT00659,GEN13
CNT00659,GEN15
CNT00660,GEN03
CNT00660,GEN13
CNT00661,GEN08
CNT00661,GEN13
CNT00662,GEN10
CNT00662,GEN08
CNT00663,GEN15
CNT00663,GEN10
CNT00664,GEN10
CNT00664,GEN06
CNT00665,GEN11
CNT00665,GEN06
CNT00666,GEN02
CNT00667,GEN11
CNT00668,GEN05
CNT00669,GEN06
CNT00669,GEN09
CNT00670,GEN08
CNT00671,GEN01
CNT00672,GEN05
CNT00673,GEN14
CNT00674,GEN02
CNT00674,GEN10
CNT00674,GEN14
CNT00675,GEN08
CNT00676,GEN13
CNT00676,GEN12
CNT00677,GEN08
CNT00677,GEN13
CNT00678,GEN04
CNT00678,GEN06
CNT00679,GEN09
CNT00679,GEN03
CNT00680,GEN08
CNT00680,GEN02
CNT00680,GEN13
CNT00681,GEN06
CNT00681,GEN12
CNT00682,GEN11
CNT00683,GEN04
CNT00684,GEN08
CNT00684,GEN09
CNT00685,GEN03
CNT00686,GEN15
CNT00687,GEN07
CNT00688,GEN11
CNT00688,GEN10
CNT00689,GEN11
CNT00690,GEN02
CNT00690,GEN06
CNT00691,GEN11
CNT00692,GEN05
CNT00693,GEN11
CNT00693,GEN10
CNT00694,GEN06
CNT00694,GEN02
CNT00695,GEN03
CNT00695,GEN06
CNT00696,GEN11
CNT00697,GEN07
CNT00697,GEN03
CNT00698,GEN02
CNT00698,GEN05
CNT00699,GEN11
CNT00699,GEN13
CNT00700,GEN03
CNT00701,GEN14
CNT00701,GEN12
CNT00702,GEN15
CNT00702,GEN09
CNT00702,GEN02
CNT00703,GEN07
CNT00703,GEN09
CNT00704,GEN06
CNT00705,GEN04
CNT00706,GEN13
CNT00707,GEN04
CNT00708,GEN03
CNT00708,GEN02
CNT00708,GEN05
CNT00709,GEN02
CNT00709,GEN09
CNT00710,GEN14
CNT00710,GEN12
CNT00711,GEN01
CNT00711,GEN11
CNT00712,GEN13
CNT00713,GEN10
CNT00713,GEN07
CNT00714,GEN03
CNT00715,GEN13
CNT00715,GEN10
CNT00716,GEN03
CNT00716,GEN12
CNT00717,GEN07
CNT00718,GEN12
CNT00719,GEN08
CNT00720,GEN13
CNT00720,GEN12
CNT00721,GEN04
CNT00721,GEN09
CNT00722,GEN13
CNT00723,GEN15
CNT00723,GEN14
CNT00724,GEN11
CNT00725,GEN08
CNT00725,GEN15
CNT00725,GEN13
CNT00726,GEN07
CNT00727,GEN07
CNT00728,GEN14
CNT00728,GEN04
CNT00728,GEN13
CNT00729,GEN14
CNT00729,GEN05
CNT00730,GEN08
CNT00731,GEN09
CNT00731,GEN02
CNT00732,GEN09
CNT00732,GEN14
CNT00733,GEN02
CNT00734,GEN05
CNT00734,GEN08
CNT00735,GEN03
CNT00735,GEN14
CNT00735,GEN07
CNT00736,GEN15
CNT00737,GEN08
CNT00738,GEN15
CNT00738,GEN01
CNT00739,GEN07
CNT00740,GEN04
CNT00741,GEN02
CNT00742,GEN01
CNT00743,GEN02
CNT00744,GEN11
CNT00744,GEN06
CNT00745,GEN03
CNT00745,GEN01
CNT00746,GEN14
CNT00747,GEN14
CNT00748,GEN12
CNT00749,GEN10
CNT00750,GEN02
CNT00751,GEN04
CNT00752,GEN09
CNT00752,GEN12
CNT00753,GEN07
CNT00753,GEN02
CNT00754,GEN04
CNT00754,GEN05
CNT00755,GEN04
CNT00756,GEN13
CNT00757,GEN02
CNT00757,GEN15
CNT00758,GEN08
CNT00758,GEN10
CNT00759,GEN11
CNT00760,GEN04
CNT00761,GEN05
CNT00761,GEN07
CNT00762,GEN06
CNT00763,GEN07
CNT00764,GEN11
CNT00765,GEN06
CNT00766,GEN09
CNT00767,GEN13
CNT00768,GEN09
CNT00768,GEN01
CNT00768,GEN07
CNT00769,GEN01
CNT00769,GEN11
CNT00770,GEN06
CNT00771,GEN01
CNT00772,GEN02
CNT00773,GEN12
CNT00774,GEN02
CNT00774,GEN13
CNT00775,GEN13
CNT00775,GEN06
CNT00776,GEN06
CNT00777,GEN14
CNT00778,GEN14
CNT00778,GEN13
CNT00779,GEN12
CNT00779,GEN08
CNT00780,GEN13
CNT00780,GEN03
CNT00781,GEN13
CNT00782,GEN01
CNT00782,GEN05
CNT00782,GEN04
CNT00783,GEN04
CNT00784,GEN06
CNT00784,GEN05
CNT00785,GEN14
CNT00786,GEN05
CNT00787,GEN11
CNT00788,GEN06
CNT00789,GEN01
CNT00789,GEN14
CNT00790,GEN05
CNT00790,GEN02
CNT00791,GEN07
CNT00791,GEN15
CNT00792,GEN15
CNT00792,GEN07
CNT00793,GEN03
CNT00794,GEN08
CNT00795,GEN13
CNT00796,GEN13
CNT00797,GEN07
CNT00798,GEN10
CNT00799,GEN03
CNT00799,GEN09
CNT00799,GEN05
CNT00800,GEN02
CNT00801,GEN05
CNT00802,GEN10
CNT00803,GEN03
CNT00803,GEN12
CNT00804,GEN08
CNT00805,GEN14
CNT00806,GEN10
CNT00806,GEN07
CNT00806,GEN05
CNT00807,GEN13
CNT00807,GEN01
CNT00808,GEN11
CNT00809,GEN09
CNT00810,GEN11
CNT00810,GEN03
CNT00811,GEN03
CNT00811,GEN14
CNT00811,GEN10
CNT00812,GEN08
CNT00812,GEN01
CNT00813,GEN04
CNT00814,GEN06
CNT00814,GEN15
CNT00815,GEN10
CNT00816,GEN03
CNT00817,GEN06
CNT00817,GEN15
CNT00818,GEN02
CNT00819,GEN09
CNT00819,GEN06
CNT00820,GEN11
CNT00821,GEN02
CNT00822,GEN03
CNT00823,GEN07
CNT00824,GEN02
CNT00824,GEN05
CNT00824,GEN13
CNT00825,GEN08
CNT00826,GEN10
CNT00827,GEN15
CNT00828,GEN04
CNT00828,GEN02
CNT00828,GEN03
CNT00829,GEN08
CNT00829,GEN03
CNT00830,GEN08
CNT00830,GEN02
CNT00831,GEN14
CNT00831,GEN06
CNT00832,GEN12
CNT00832,GEN02
CNT00833,GEN05
CNT00834,GEN14
CNT00834,GEN03
CNT00835,GEN15
CNT00835,GEN12
CNT00836,GEN13
CNT00836,GEN06
CNT00837,GEN02
CNT00838,GEN13
CNT00838,GEN03
CNT00838,GEN04
CNT00839,GEN01
CNT00839,GEN06
CNT00840,GEN06
CNT00840,GEN08
CNT00841,GEN09
CNT00841,GEN03
CNT00842,GEN02
CNT00842,GEN15
CNT00843,GEN12
CNT00844,GEN09
CNT00844,GEN07
CNT00845,GEN14
CNT00845,GEN10
CNT00846,GEN06
CNT00847,GEN08
CNT00847,GEN15
CNT00848,GEN06
CNT00848,GEN03
CNT00849,GEN13
CNT00849,GEN09
CNT00850,GEN03
CNT00850,GEN13
CNT00851,GEN07
CNT00851,GEN09
CNT00851,GEN01
CNT00852,GEN09
CNT00852,GEN03
CNT00853,GEN03
CNT00854,GEN12
CNT00855,GEN09
CNT00856,GEN14
CNT00856,GEN02
CNT00857,GEN11
CNT00858,GEN05
CNT00858,GEN03
CNT00858,GEN11
CNT00859,GEN09
CNT00860,GEN11
CNT00861,GEN10
CNT00862,GEN11
CNT00863,GEN15
CNT00863,GEN10
CNT00864,GEN15
CNT00865,GEN14
CNT00865,GEN15
CNT00866,GEN01
CNT00867,GEN13
CNT00867,GEN10
CNT00867,GEN05
CNT00868,GEN13
CNT00868,GEN10
CNT00869,GEN11
CNT00870,GEN15
CNT00871,GEN05
CNT00871,GEN11
CNT00872,GEN08
CNT00872,GEN04
CNT00872,GEN13
CNT00873,GEN07
CNT00873,GEN05
CNT00874,GEN12
CNT00875,GEN08
CNT00876,GEN08
CNT00877,GEN10
CNT00878,GEN14
CNT00879,GEN12
CNT00879,GEN14
CNT00880,GEN07
CNT00881,GEN06
CNT00882,GEN02
CNT00883,GEN08
CNT00884,GEN08
CNT00885,GEN02
CNT00886,GEN07
CNT00887,GEN07
CNT00887,GEN04
CNT00888,GEN15
CNT00888,GEN03
CNT00888,GEN06
CNT00889,GEN12
CNT00889,GEN06
CNT00889,GEN04
CNT00890,GEN08
CNT00890,GEN09
CNT00891,GEN15
CNT00892,GEN01
CNT00893,GEN07
CNT00894,GEN04
CNT00895,GEN06
CNT00896,GEN05
CNT00897,GEN15
CNT00898,GEN11
CNT00898,GEN08
CNT00899,GEN01
CNT00900,GEN07
CNT00900,GEN03
CNT00901,GEN12
CNT00901,GEN06
CNT00902,GEN06
CNT00902,GEN01
CNT00903,GEN10
CNT00904,GEN06
CNT00904,GEN09
CNT00905,GEN07
CNT00906,GEN13
CNT00907,GEN14
CNT00908,GEN11
CNT00908,GEN10
CNT00908,GEN02
CNT00909,GEN02
CNT00910,GEN13
CNT00911,GEN09
CNT00911,GEN06
CNT00911,GEN13
CNT00912,GEN10
CNT00913,GEN09
CNT00914,GEN01
CNT00915,GEN06
CNT00916,GEN09
CNT00916,GEN08
CNT00917,GEN15
CNT00918,GEN06
CNT00919,GEN06
CNT00919,GEN03
CNT00919,GEN07
CNT00920,GEN12
CNT00920,GEN14
CNT00920,GEN05
CNT00921,GEN09
CNT00921,GEN14
CNT00922,GEN08
CNT00923,GEN05
CNT00923,GEN08
CNT00924,GEN06
CNT00924,GEN15
CNT00925,GEN07
CNT00925,GEN10
CNT00926,GEN15
CNT00927,GEN12
CNT00927,GEN11
CNT00928,GEN08
CNT00929,GEN11
CNT00930,GEN13
CNT00930,GEN10
CNT00931,GEN12
CNT00931,GEN01
CNT00932,GEN03
CNT00932,GEN09
CNT00933,GEN10
CNT00933,GEN13
CNT00934,GEN03
CNT00934,GEN14
CNT00935,GEN01
CNT00935,GEN10
CNT00936,GEN02
CNT00936,GEN04
CNT00936,GEN01
CNT00937,GEN07
CNT00938,GEN12
CNT00939,GEN09
CNT00940,GEN15
CNT00940,GEN08
CNT00941,GEN12
CNT00941,GEN15
CNT00942,GEN03
CNT00943,GEN09
CNT00944,GEN11
CNT00945,GEN07
CNT00946,GEN03
CNT00947,GEN09
CNT00948,GEN06
CNT00949,GEN14
CNT00949,GEN12
CNT00950,GEN13
CNT00950,GEN12
CNT00951,GEN08
CNT00952,GEN04
CNT00953,GEN05
CNT00954,GEN05
CNT00955,GEN12
CNT00955,GEN04
CNT00956,GEN08
CNT00956,GEN06
CNT00957,GEN09
CNT00958,GEN13
CNT00958,GEN12
CNT00958,GEN05
CNT00959,GEN10
CNT00960,GEN07
CNT00960,GEN15
CNT00961,GEN13
CNT00961,GEN15
CNT00962,GEN01
CNT00963,GEN12
CNT00964,GEN15
CNT00965,GEN05
CNT00966,GEN04
CNT00966,GEN15
CNT00967,GEN05
CNT00967,GEN09
CNT00968,GEN03
CNT00968,GEN02
CNT00969,GEN10
CNT00969,GEN04
CNT00970,GEN11
CNT00971,GEN04
CNT00971,GEN11
CNT00971,GEN15
CNT00972,GEN07
CNT00973,GEN08
CNT00974,GEN13
CNT00975,GEN09
CNT00976,GEN03
CNT00976,GEN07
CNT00976,GEN11
CNT00977,GEN15
CNT00977,GEN08
CNT00977,GEN14
CNT00978,GEN13
CNT00978,GEN05
CNT00979,GEN11
CNT00980,GEN13
CNT00981,GEN10
CNT00982,GEN12
CNT00983,GEN15
CNT00983,GEN01
CNT00984,GEN03
CNT00984,GEN07
CNT00984,GEN15
CNT00985,GEN01
CNT00985,GEN14
CNT00985,GEN07
CNT00986,GEN03
CNT00986,GEN12
CNT00987,GEN15
CNT00987,GEN05
CNT00987,GEN01
CNT00988,GEN10
CNT00989,GEN15
CNT00989,GEN06
CNT00990,GEN11
CNT00991,GEN08
CNT00992,GEN03
CNT00992,GEN14
CNT00993,GEN05
CNT00994,GEN02
CNT00995,GEN12
CNT00996,GEN05
CNT00997,GEN01
CNT00997,GEN12
CNT00998,GEN05
CNT00999,GEN13
CNT00999,GEN04
CNT01000,GEN14
CNT01001,GEN07
CNT01001,GEN14
CNT01002,GEN06
CNT01003,GEN11
CNT01004,GEN03
CNT01005,GEN15
CNT01006,GEN05
CNT01007,GEN08
CNT01008,GEN06
CNT01008,GEN05
CNT01009,GEN10
CNT01009,GEN01
CNT01010,GEN06
CNT01011,GEN01
CNT01011,GEN11
CNT01012,GEN05
CNT01013,GEN11
CNT01014,GEN15
CNT01015,GEN13
CNT01015,GEN05
CNT01016,GEN11
CNT01016,GEN05
CNT01017,GEN04
CNT01018,GEN03
CNT01019,GEN08
CNT01020,GEN10
CNT01020,GEN06
CNT01021,GEN09
CNT01022,GEN13
CNT01022,GEN09
CNT01022,GEN15
CNT01023,GEN04
CNT01023,GEN13
CNT01024,GEN13
CNT01025,GEN13
CNT01025,GEN02
CNT01026,GEN09
CNT01027,GEN02
CNT01027,GEN10
CNT01028,GEN14
CNT01029,GEN09
CNT01030,GEN09
CNT01031,GEN06
CNT01032,GEN08
CNT01032,GEN02
CNT01033,GEN12
CNT01033,GEN10
CNT01034,GEN15
CNT01035,GEN13
CNT01036,GEN03
CNT01037,GEN08
CNT01038,GEN09
CNT01038,GEN08
CNT01039,GEN05
CNT01039,GEN12
CNT01040,GEN05
CNT01041,GEN12
CNT01041,GEN04
CNT01042,GEN01
CNT01042,GEN07
CNT01043,GEN02
CNT01044,GEN01
CNT01045,GEN02
CNT01045,GEN08
CNT01045,GEN01
CNT01046,GEN03
CNT01047,GEN13
CNT01047,GEN11
CNT01048,GEN11
CNT01048,GEN07
CNT01048,GEN06
CNT01049,GEN07
CNT01049,GEN08
CNT01049,GEN15
CNT01050,GEN11
CNT01051,GEN14
CNT01051,GEN09
CNT01051,GEN03
CNT01052,GEN06
CNT01052,GEN02
CNT01053,GEN09
CNT01054,GEN03
CNT01055,GEN04
CNT01055,GEN14
CNT01056,GEN01
CNT01057,GEN08
CNT01057,GEN11
CNT01057,GEN12
CNT01058,GEN09
CNT01059,GEN04
CNT01060,GEN06
CNT01061,GEN04
CNT01062,GEN12
CNT01062,GEN13
CNT01062,GEN02
CNT01063,GEN11
CNT01064,GEN13
CNT01065,GEN15
CNT01065,GEN01
CNT01065,GEN04
CNT01066,GEN02
CNT01067,GEN08
CNT01067,GEN10
CNT01068,GEN14
CNT01068,GEN01
CNT01069,GEN01
CNT01070,GEN04
CNT01071,GEN13
CNT01072,GEN01
CNT01072,GEN03
CNT01073,GEN05
CNT01074,GEN15
CNT01075,GEN06
CNT01075,GEN10
CNT01076,GEN11
CNT01076,GEN14
CNT01077,GEN05
CNT01078,GEN11
CNT01078,GEN09
CNT01079,GEN05
CNT01080,GEN09
CNT01081,GEN15
CNT01081,GEN12
CNT01081,GEN03
CNT01082,GEN07
CNT01082,GEN09
CNT01083,GEN06
CNT01084,GEN11
CNT01084,GEN07
CNT01084,GEN13
CNT01085,GEN12
CNT01086,GEN03
CNT01087,GEN03
CNT01088,GEN08
CNT01088,GEN04
CNT01089,GEN05
CNT01089,GEN14
CNT01090,GEN13
CNT01090,GEN08
CNT01091,GEN09
CNT01091,GEN07
CNT01091,GEN14
CNT01092,GEN03
CNT01092,GEN07
CNT01093,GEN04
CNT01094,GEN02
CNT01095,GEN14
CNT01095,GEN06
CNT01095,GEN02
CNT01096,GEN14
CNT01097,GEN05
CNT01098,GEN10
CNT01099,GEN14
CNT01099,GEN02
CNT01100,GEN13
CNT01101,GEN11
CNT01101,GEN09
CNT01102,GEN04
CNT01103,GEN06
CNT01103,GEN05
CNT01104,GEN01
CNT01104,GEN04
CNT01104,GEN14
CNT01105,GEN02
CNT01105,GEN12
CNT01105,GEN13
CNT01106,GEN04
CNT01107,GEN12
CNT01107,GEN04
CNT01108,GEN04
CNT01109,GEN13
CNT01109,GEN05
CNT01110,GEN09
CNT01111,GEN05
CNT01111,GEN15
CNT01112,GEN15
CNT01113,GEN02
CNT01114,GEN12
CNT01114,GEN08
CNT01115,GEN06
CNT01115,GEN04
CNT01116,GEN07
CNT01117,GEN14
CNT01118,GEN03
CNT01119,GEN09
CNT01120,GEN10
CNT01120,GEN12
CNT01120,GEN07
CNT01121,GEN04
CNT01122,GEN07
CNT01123,GEN04
CNT01123,GEN08
CNT01124,GEN11
CNT01124,GEN06
CNT01125,GEN14
CNT01126,GEN12
CNT01127,GEN08
CNT01127,GEN15
CNT01128,GEN13
CNT01129,GEN03
CNT01130,GEN08
CNT01130,GEN03
CNT01131,GEN09
CNT01131,GEN11
CNT01131,GEN01
CNT01132,GEN14
CNT01133,GEN14
CNT01133,GEN11
CNT01134,GEN01
CNT01135,GEN14
CNT01136,GEN02
CNT01136,GEN12
CNT01137,GEN04
CNT01138,GEN06
CNT01139,GEN11
CNT01140,GEN10
CNT01140,GEN08
CNT01141,GEN01
CNT01141,GEN15
CNT01142,GEN07
CNT01143,GEN09
CNT01144,GEN09
CNT01144,GEN05
CNT01145,GEN14
CNT01146,GEN07
CNT01146,GEN13
CNT01147,GEN03
CNT01147,GEN02
CNT01147,GEN14
CNT01148,GEN04
CNT01149,GEN09
CNT01150,GEN06
CNT01151,GEN07
CNT01152,GEN07
CNT01153,GEN04
CNT01154,GEN04
CNT01154,GEN05
CNT01154,GEN11
CNT01155,GEN02
CNT01155,GEN11
CNT01156,GEN11
CNT01156,GEN13
CNT01156,GEN01
CNT01157,GEN07
CNT01158,GEN08
CNT01159,GEN01
CNT01160,GEN02
CNT01160,GEN08
CNT01161,GEN11
CNT01161,GEN13
CNT01162,GEN14
CNT01163,GEN15
CNT01163,GEN09
CNT01163,GEN01
CNT01164,GEN15
CNT01165,GEN15
CNT01165,GEN10
CNT01166,GEN01
CNT01167,GEN11
CNT01167,GEN05
CNT01167,GEN09
CNT01168,GEN01
CNT01168,GEN03
CNT01169,GEN06
CNT01169,GEN01
CNT01169,GEN04
CNT01170,GEN13
CNT01170,GEN14
CNT01171,GEN07
CNT01171,GEN02
CNT01172,GEN10
CNT01173,GEN14
CNT01174,GEN11
CNT01174,GEN09
CNT01175,GEN13
CNT01176,GEN13
CNT01176,GEN12
CNT01177,GEN09
CNT01177,GEN12
CNT01178,GEN01
CNT01178,GEN02
CNT01178,GEN07
CNT01179,GEN02
CNT01180,GEN13
CNT01181,GEN10
CNT01181,GEN07
CNT01182,GEN06
CNT01182,GEN01
CNT01182,GEN11
CNT01183,GEN08
CNT01184,GEN06
CNT01185,GEN07
CNT01185,GEN15
CNT01186,GEN10
CNT01187,GEN02
CNT01187,GEN13
CNT01188,GEN13
CNT01188,GEN04
CNT01189,GEN02
CNT01189,GEN05
CNT01190,GEN12
CNT01191,GEN03
CNT01191,GEN12
CNT01192,GEN06
CNT01193,GEN01
CNT01194,GEN08
CNT01194,GEN06
CNT01194,GEN13
CNT01195,GEN03
CNT01196,GEN07
CNT01197,GEN09
CNT01198,GEN02
CNT01199,GEN06
CNT01200,GEN10
CNT01200,GEN15
CNT01201,GEN14
CNT01201,GEN07
CNT01202,GEN07
CNT01203,GEN02
CNT01204,GEN09
CNT01204,GEN04
CNT01205,GEN03
CNT01205,GEN11
CNT01206,GEN03
CNT01207,GEN05
CNT01208,GEN02
CNT01209,GEN05
CNT01210,GEN08
CNT01211,GEN06
CNT01211,GEN05
CNT01212,GEN12
CNT01212,GEN11
CNT01212,GEN08
CNT01213,GEN04
CNT01213,GEN08
CNT01214,GEN05
CNT01215,GEN07
CNT01216,GEN10
CNT01217,GEN14
CNT01218,GEN06
CNT01219,GEN14
CNT01220,GEN10
CNT01220,GEN03
CNT01221,GEN10
CNT01222,GEN04
CNT01222,GEN08
CNT01222,GEN06
CNT01223,GEN07
CNT01224,GEN05
CNT01224,GEN12
CNT01224,GEN14
CNT01225,GEN10
CNT01225,GEN13
CNT01226,GEN07
CNT01227,GEN13
CNT01228,GEN02
CNT01229,GEN04
CNT01229,GEN10
CNT01229,GEN09
CNT01230,GEN13
CNT01231,GEN12
CNT01231,GEN08
CNT01232,GEN04
CNT01232,GEN08
CNT01232,GEN13
CNT01233,GEN12
CNT01234,GEN14
CNT01235,GEN07
CNT01235,GEN11
CNT01236,GEN11
CNT01237,GEN05
CNT01238,GEN12
CNT01238,GEN07
CNT01239,GEN02
CNT01239,GEN08
CNT01240,GEN08
CNT01240,GEN10
CNT01240,GEN07
CNT01241,GEN15
CNT01242,GEN12
CNT01242,GEN07
CNT01242,GEN09
CNT01243,GEN06
CNT01244,GEN13
CNT01244,GEN09
CNT01245,GEN15
CNT01245,GEN02
CNT01246,GEN04
CNT01247,GEN06
CNT01247,GEN03
CNT01248,GEN01
CNT01248,GEN10
CNT01249,GEN11
CNT01249,GEN15
CNT01249,GEN07
CNT01250,GEN06
CNT01250,GEN13
CNT01250,GEN07
CNT01251,GEN02
CNT01252,GEN09
CNT01253,GEN09
CNT01253,GEN10
CNT01254,GEN04
CNT01254,GEN08
CNT01255,GEN08
CNT01256,GEN10
CNT01256,GEN12
CNT01257,GEN06
CNT01258,GEN08
CNT01258,GEN02
CNT01258,GEN05
CNT01259,GEN02
CNT01260,GEN12
CNT01261,GEN05
CNT01262,GEN13
CNT01263,GEN08
CNT01264,GEN02
CNT01265,GEN12
CNT01266,GEN02
CNT01267,GEN13
CNT01268,GEN01
CNT01268,GEN14
CNT01269,GEN02
CNT01270,GEN03
CNT01270,GEN12
CNT01271,GEN03
CNT01272,GEN06
CNT01272,GEN09
CNT01273,GEN08
CNT01274,GEN07
CNT01275,GEN03
CNT01275,GEN11
CNT01276,GEN07
CNT01276,GEN01
CNT01277,GEN15
CNT01277,GEN04
CNT01278,GEN07
CNT01279,GEN12
CNT01280,GEN05
CNT01281,GEN13
CNT01281,GEN15
CNT01282,GEN02
CNT01283,GEN09
CNT01283,GEN03
CNT01284,GEN04
CNT01285,GEN05
CNT01286,GEN08
CNT01286,GEN09
CNT01287,GEN06
CNT01287,GEN10
CNT01287,GEN07
CNT01288,GEN10
CNT01288,GEN02
CNT01289,GEN14
CNT01290,GEN03
CNT01291,GEN12
CNT01291,GEN13
CNT01292,GEN10
CNT01293,GEN11
CNT01293,GEN03
CNT01294,GEN04
CNT01295,GEN03
CNT01296,GEN03
CNT01297,GEN07
CNT01298,GEN10
CNT01298,GEN07
CNT01299,GEN08
CNT01300,GEN12
CNT01300,GEN11
CNT01301,GEN03
CNT01301,GEN09
CNT01301,GEN15
CNT01302,GEN03
CNT01303,GEN14
CNT01304,GEN01
CNT01305,GEN01
CNT01305,GEN08
CNT01306,GEN14
CNT01307,GEN09
CNT01308,GEN08
CNT01309,GEN08
CNT01310,GEN14
CNT01311,GEN03
CNT01312,GEN01
CNT01313,GEN04
CNT01313,GEN05
CNT01314,GEN04
CNT01315,GEN03
CNT01316,GEN10
CNT01316,GEN12
CNT01317,GEN08
CNT01317,GEN09
CNT01318,GEN10
CNT01319,GEN13
CNT01320,GEN06
CNT01321,GEN13
CNT01322,GEN12
CNT01323,GEN04
CNT01324,GEN02
CNT01324,GEN12
CNT01324,GEN11
CNT01325,GEN05
CNT01325,GEN14
CNT01326,GEN08
CNT01326,GEN05
CNT01326,GEN06
CNT01327,GEN02
CNT01327,GEN08
CNT01328,GEN02
CNT01328,GEN13
CNT01329,GEN04
CNT01329,GEN13
CNT01330,GEN12
CNT01330,GEN06
CNT01331,GEN10
CNT01331,GEN11
CNT01332,GEN10
CNT01333,GEN04
CNT01334,GEN13
CNT01334,GEN01
CNT01335,GEN09
CNT01335,GEN05
CNT01336,GEN03
CNT01336,GEN06
CNT01337,GEN05
CNT01337,GEN15
CNT01337,GEN10
CNT01338,GEN14
CNT01339,GEN15
CNT01340,GEN02
CNT01340,GEN03
CNT01341,GEN13
CNT01341,GEN07
CNT01341,GEN01
CNT01342,GEN14
CNT01342,GEN11
CNT01342,GEN03
CNT01343,GEN03
CNT01343,GEN04
CNT01344,GEN06
CNT01345,GEN13
CNT01345,GEN14
CNT01346,GEN08
CNT01346,GEN03
CNT01347,GEN05
CNT01347,GEN11
CNT01348,GEN08
CNT01349,GEN13
CNT01350,GEN02
CNT01350,GEN07
CNT01351,GEN05
CNT01352,GEN15
CNT01352,GEN06
CNT01353,GEN08
CNT01354,GEN01
CNT01355,GEN14
CNT01355,GEN12
CNT01356,GEN08
CNT01357,GEN12
CNT01357,GEN06
CNT01358,GEN13
CNT01358,GEN09
CNT01359,GEN07
CNT01360,GEN08
CNT01360,GEN05
CNT01361,GEN05
CNT01362,GEN10
CNT01363,GEN14
CNT01364,GEN06
CNT01365,GEN13
CNT01365,GEN01
CNT01366,GEN11
CNT01367,GEN08
CNT01367,GEN01
CNT01368,GEN14
CNT01369,GEN08
CNT01370,GEN07
CNT01371,GEN12
CNT01372,GEN15
CNT01372,GEN11
CNT01372,GEN05
CNT01373,GEN15
CNT01374,GEN02
CNT01374,GEN11
CNT01375,GEN02
CNT01376,GEN15
CNT01377,GEN01
CNT01377,GEN07
CNT01378,GEN12
CNT01378,GEN15
CNT01379,GEN07
CNT01379,GEN11
CNT01380,GEN02
CNT01381,GEN08
CNT01382,GEN10
CNT01383,GEN11
CNT01384,GEN01
CNT01385,GEN14
CNT01385,GEN02
CNT01386,GEN07
CNT01386,GEN12
CNT01386,GEN03
CNT01387,GEN04
CNT01388,GEN12
CNT01389,GEN02
CNT01389,GEN06
CNT01390,GEN05
CNT01391,GEN13
CNT01392,GEN14
CNT01392,GEN03
CNT01393,GEN11
CNT01393,GEN03
CNT01394,GEN10
CNT01395,GEN11
CNT01396,GEN06
CNT01397,GEN11
CNT01397,GEN12
CNT01398,GEN07
CNT01399,GEN08
CNT01399,GEN14
CNT01400,GEN15
CNT01401,GEN13
CNT01402,GEN12
CNT01403,GEN07
CNT01404,GEN03
CNT01405,GEN11
CNT01406,GEN09
CNT01407,GEN12
CNT01407,GEN10
CNT01408,GEN12
CNT01409,GEN14
CNT01410,GEN05
CNT01410,GEN04
CNT01411,GEN09
CNT01412,GEN07
CNT01413,GEN01
CNT01414,GEN13
CNT01414,GEN04
CNT01415,GEN02
CNT01416,GEN11
CNT01417,GEN09
CNT01417,GEN01
CNT01418,GEN15
CNT01418,GEN06
CNT01418,GEN03
CNT01419,GEN14
CNT01420,GEN06
CNT01420,GEN09
CNT01421,GEN13
CNT01421,GEN08
CNT01422,GEN13
CNT01422,GEN02
CNT01422,GEN01
CNT01423,GEN01
CNT01423,GEN05
CNT01424,GEN15
CNT01425,GEN13
CNT01426,GEN05
CNT01427,GEN09
CNT01427,GEN13
CNT01428,GEN12
CNT01429,GEN11
CNT01430,GEN10
CNT01431,GEN02
CNT01432,GEN09
CNT01433,GEN13
CNT01433,GEN03
CNT01433,GEN09
CNT01434,GEN10
CNT01435,GEN14
CNT01435,GEN11
CNT01436,GEN02
CNT01436,GEN05
CNT01437,GEN12
CNT01437,GEN14
CNT01438,GEN04
CNT01439,GEN07
CNT01440,GEN10
CNT01441,GEN05
CNT01441,GEN11
CNT01442,GEN12
CNT01442,GEN03
CNT01443,GEN12
CNT01444,GEN01
CNT01445,GEN06
CNT01446,GEN13
CNT01447,GEN05
CNT01447,GEN03
CNT01448,GEN12
CNT01449,GEN05
CNT01449,GEN12
CNT01450,GEN13
CNT01450,GEN01
CNT01451,GEN07
CNT01452,GEN02
CNT01453,GEN10
CNT01454,GEN08
CNT01454,GEN15
CNT01455,GEN01
CNT01456,GEN10
CNT01457,GEN03
CNT01458,GEN02
CNT01459,GEN11
CNT01459,GEN12
CNT01460,GEN12
CNT01461,GEN01
CNT01462,GEN01
CNT01462,GEN04
CNT01463,GEN06
CNT01464,GEN03
CNT01465,GEN14
CNT01466,GEN13
CNT01467,GEN12
CNT01467,GEN11
CNT01467,GEN07
CNT01468,GEN04
CNT01469,GEN12
CNT01470,GEN14
CNT01471,GEN06
CNT01472,GEN11
CNT01473,GEN03
CNT01473,GEN04
CNT01473,GEN13
CNT01474,GEN01
CNT01475,GEN02
CNT01475,GEN08
CNT01475,GEN05
CNT01476,GEN05
CNT01476,GEN06
CNT01477,GEN08
CNT01478,GEN04
CNT01479,GEN13
CNT01480,GEN10
CNT01481,GEN06
CNT01482,GEN08
CNT01482,GEN13
CNT01483,GEN12
CNT01483,GEN09
CNT01484,GEN04
CNT01484,GEN03
CNT01485,GEN07
CNT01486,GEN09
CNT01487,GEN14
CNT01488,GEN01
CNT01488,GEN06
CNT01489,GEN11
CNT01490,GEN12
CNT01491,GEN02
CNT01491,GEN04
CNT01492,GEN04
CNT01493,GEN01
CNT01494,GEN03
CNT01494,GEN12
CNT01494,GEN05
CNT01495,GEN15
CNT01496,GEN14
CNT01497,GEN12
CNT01498,GEN08
CNT01498,GEN12
CNT01499,GEN02
CNT01500,GEN11
CNT01501,GEN02
CNT01501,GEN10
CNT01502,GEN07
CNT01502,GEN11
CNT01503,GEN04
CNT01503,GEN05
CNT01503,GEN14
CNT01504,GEN15
CNT01504,GEN13
CNT01505,GEN14
CNT01506,GEN06
CNT01506,GEN08
CNT01507,GEN02
CNT01508,GEN03
CNT01508,GEN13
CNT01508,GEN14
CNT01509,GEN03
CNT01509,GEN02
CNT01510,GEN08
CNT01511,GEN02
CNT01512,GEN13
CNT01513,GEN05
CNT01514,GEN14
CNT01515,GEN03
CNT01516,GEN05
CNT01516,GEN14
CNT01517,GEN10
CNT01517,GEN01
CNT01518,GEN14
CNT01519,GEN02
CNT01520,GEN06
CNT01520,GEN07
CNT01521,GEN11
CNT01522,GEN14
CNT01523,GEN01
CNT01523,GEN07
CNT01523,GEN08
CNT01524,GEN09
CNT01524,GEN04
CNT01525,GEN02
CNT01526,GEN03
CNT01526,GEN02
CNT01527,GEN14
CNT01528,GEN04
CNT01528,GEN03
CNT01529,GEN07
CNT01530,GEN11
CNT01531,GEN02
CNT01531,GEN10
CNT01531,GEN14
CNT01532,GEN14
CNT01533,GEN02
CNT01534,GEN11
CNT01535,GEN03
CNT01536,GEN14
CNT01537,GEN06
CNT01537,GEN02
CNT01538,GEN08
CNT01539,GEN15
CNT01540,GEN14
CNT01540,GEN12
CNT01541,GEN01
CNT01542,GEN07
CNT01543,GEN04
CNT01544,GEN05
CNT01544,GEN15
CNT01544,GEN08
CNT01545,GEN01
CNT01545,GEN10
CNT01546,GEN04
CNT01546,GEN11
CNT01547,GEN07
CNT01548,GEN08
CNT01548,GEN01
CNT01549,GEN07
CNT01550,GEN04
CNT01551,GEN13
CNT01551,GEN09
CNT01552,GEN13
CNT01553,GEN01
CNT01554,GEN13
CNT01554,GEN12
CNT01554,GEN06
CNT01555,GEN13
CNT01556,GEN15
CNT01557,GEN06
CNT01557,GEN07
CNT01558,GEN01
CNT01559,GEN04
CNT01560,GEN13
CNT01561,GEN01
CNT01561,GEN13
CNT01562,GEN09
CNT01562,GEN06
CNT01562,GEN13
CNT01563,GEN04
CNT01563,GEN03
CNT01564,GEN11
CNT01565,GEN09
CNT01566,GEN15
CNT01566,GEN12
CNT01567,GEN04
CNT01568,GEN13
CNT01568,GEN07
CNT01569,GEN14
CNT01570,GEN03
CNT01570,GEN15
CNT01570,GEN04
CNT01571,GEN13
CNT01571,GEN12
CNT01572,GEN15
CNT01572,GEN10
CNT01573,GEN12
CNT01574,GEN10
CNT01575,GEN10
CNT01575,GEN04
CNT01576,GEN13
CNT01576,GEN08
CNT01577,GEN03
CNT01578,GEN02
CNT01579,GEN10
CNT01580,GEN09
CNT01581,GEN06
CNT01582,GEN04
CNT01582,GEN13
CNT01582,GEN03
CNT01583,GEN03
CNT01584,GEN14
CNT01584,GEN15
CNT01584,GEN06
CNT01585,GEN03
CNT01586,GEN15
CNT01586,GEN03
CNT01587,GEN14
CNT01587,GEN09
CNT01588,GEN02
CNT01588,GEN06
CNT01589,GEN11
CNT01589,GEN07
CNT01590,GEN06
CNT01590,GEN05
CNT01591,GEN03
CNT01592,GEN07
CNT01592,GEN13
CNT01593,GEN08
CNT01593,GEN11
CNT01594,GEN12
CNT01595,GEN12
CNT01595,GEN10
CNT01595,GEN13
CNT01596,GEN11
CNT01597,GEN03
CNT01597,GEN07
CNT01598,GEN12
CNT01599,GEN03
CNT01600,GEN12
CNT01600,GEN10
CNT01601,GEN13
CNT01602,GEN01
CNT01602,GEN03
CNT01602,GEN10
CNT01603,GEN13
CNT01604,GEN04
CNT01604,GEN11
CNT01604,GEN10
CNT01605,GEN08
CNT01606,GEN12
CNT01607,GEN06
CNT01608,GEN03
CNT01608,GEN11
CNT01608,GEN02
CNT01609,GEN11
CNT01609,GEN15
CNT01610,GEN06
CNT01610,GEN08
CNT01611,GEN04
CNT01612,GEN02
CNT01613,GEN13
CNT01614,GEN01
CNT01615,GEN08
CNT01616,GEN03
CNT01616,GEN07
CNT01617,GEN07
CNT01618,GEN07
CNT01619,GEN08
CNT01620,GEN10
CNT01620,GEN11
CNT01621,GEN04
CNT01621,GEN03
CNT01622,GEN13
CNT01623,GEN05
CNT01623,GEN01
CNT01624,GEN02
CNT01625,GEN03
CNT01626,GEN03
CNT01626,GEN12
CNT01627,GEN15
CNT01628,GEN06
CNT01628,GEN10
CNT01628,GEN14
CNT01629,GEN12
CNT01629,GEN01
CNT01630,GEN11
CNT01631,GEN15
CNT01632,GEN01
CNT01633,GEN04
CNT01634,GEN07
CNT01634,GEN12
CNT01634,GEN09
CNT01635,GEN12
CNT01635,GEN09
CNT01636,GEN05
CNT01637,GEN02
CNT01638,GEN10
CNT01639,GEN08
CNT01640,GEN06
CNT01641,GEN02
CNT01642,GEN11
CNT01643,GEN08
CNT01643,GEN04
CNT01644,GEN04
CNT01645,GEN05
CNT01646,GEN08
CNT01646,GEN14
CNT01646,GEN02
CNT01647,GEN07
CNT01648,GEN15
CNT01649,GEN02
CNT01649,GEN11
CNT01650,GEN03
CNT01651,GEN07
CNT01652,GEN08
CNT01653,GEN08
CNT01654,GEN04
CNT01655,GEN10
CNT01655,GEN01
CNT01656,GEN12
CNT01657,GEN02
CNT01657,GEN11
CNT01658,GEN09
CNT01659,GEN13
CNT01660,GEN09
CNT01660,GEN01
CNT01661,GEN14
CNT01661,GEN09
CNT01662,GEN09
CNT01663,GEN15
CNT01663,GEN08
CNT01664,GEN04
CNT01664,GEN08
CNT01665,GEN07
CNT01666,GEN12
CNT01666,GEN01
CNT01666,GEN09
CNT01667,GEN09
CNT01667,GEN13
CNT01668,GEN10
CNT01668,GEN03
CNT01669,GEN13
CNT01670,GEN03
CNT01671,GEN13
CNT01671,GEN04
CNT01671,GEN03
CNT01672,GEN02
CNT01673,GEN07
CNT01673,GEN04
CNT01673,GEN11
CNT01674,GEN10
CNT01675,GEN15
CNT01676,GEN13
CNT01676,GEN02
CNT01677,GEN09
CNT01678,GEN06
CNT01679,GEN09
CNT01679,GEN08
CNT01680,GEN01
CNT01680,GEN13
CNT01680,GEN12
CNT01681,GEN09
CNT01681,GEN13
CNT01682,GEN07
CNT01683,GEN10
CNT01684,GEN13
CNT01684,GEN02
CNT01685,GEN10
CNT01685,GEN13
CNT01685,GEN02
CNT01686,GEN14
CNT01686,GEN09
CNT01687,GEN15
CNT01687,GEN07
CNT01688,GEN11
CNT01689,GEN10
CNT01690,GEN03
CNT01691,GEN03
CNT01692,GEN11
CNT01692,GEN12
CNT01693,GEN07
CNT01694,GEN06
CNT01694,GEN12
CNT01695,GEN12
CNT01696,GEN05
CNT01697,GEN01
CNT01697,GEN06
CNT01698,GEN05
CNT01698,GEN15
CNT01699,GEN08
CNT01700,GEN11
CNT01700,GEN02
CNT01701,GEN04
CNT01701,GEN03
CNT01701,GEN05
CNT01702,GEN08
CNT01702,GEN13
CNT01702,GEN06
CNT01703,GEN07
CNT01704,GEN02
CNT01704,GEN04
CNT01705,GEN15
CNT01706,GEN12
CNT01706,GEN08
CNT01707,GEN14
CNT01707,GEN06
CNT01708,GEN09
CNT01708,GEN13
CNT01709,GEN05
CNT01710,GEN07
CNT01710,GEN03
CNT01711,GEN09
CNT01711,GEN10
CNT01712,GEN04
CNT01713,GEN04
CNT01713,GEN14
CNT01714,GEN01
CNT01715,GEN15
CNT01716,GEN04
CNT01717,GEN14
CNT01718,GEN07
CNT01719,GEN02
CNT01719,GEN11
CNT01720,GEN06
CNT01721,GEN08
CNT01722,GEN14
CNT01723,GEN09
CNT01724,GEN03
CNT01725,GEN05
CNT01725,GEN12
CNT01726,GEN02
CNT01726,GEN05
CNT01727,GEN01
CNT01728,GEN10
CNT01729,GEN04
CNT01729,GEN14
CNT01730,GEN04
CNT01731,GEN05
CNT01731,GEN11
CNT01732,GEN01
CNT01733,GEN13
CNT01733,GEN11
CNT01734,GEN15
CNT01735,GEN03
CNT01736,GEN01
CNT01736,GEN04
CNT01737,GEN13
CNT01738,GEN12
CNT01738,GEN15
CNT01738,GEN11
CNT01739,GEN15
CNT01740,GEN06
CNT01741,GEN04
CNT01742,GEN11
CNT01743,GEN10
CNT01744,GEN02
CNT01745,GEN11
CNT01746,GEN14
CNT01746,GEN06
CNT01746,GEN09
CNT01747,GEN10
CNT01747,GEN05
CNT01748,GEN02
CNT01749,GEN06
CNT01750,GEN11
CNT01750,GEN06
CNT01750,GEN05
CNT01751,GEN12
CNT01752,GEN11
CNT01752,GEN05
CNT01752,GEN04
CNT01753,GEN13
CNT01754,GEN01
CNT01755,GEN13
CNT01755,GEN15
CNT01756,GEN11
CNT01756,GEN06
CNT01757,GEN12
CNT01757,GEN01
CNT01758,GEN05
CNT01758,GEN15
CNT01759,GEN07
CNT01759,GEN15
CNT01759,GEN12
CNT01760,GEN12
CNT01761,GEN14
CNT01761,GEN04
CNT01761,GEN06
CNT01762,GEN04
CNT01762,GEN11
CNT01763,GEN13
CNT01764,GEN11
CNT01765,GEN05
CNT01766,GEN14
CNT01766,GEN11
CNT01767,GEN03
CNT01767,GEN05
CNT01768,GEN03
CNT01769,GEN12
CNT01769,GEN13
CNT01770,GEN15
CNT01770,GEN03
CNT01771,GEN15
CNT01771,GEN06
CNT01771,GEN11
CNT01772,GEN06
CNT01773,GEN14
CNT01774,GEN13
CNT01775,GEN06
CNT01775,GEN05
CNT01776,GEN08
CNT01776,GEN14
CNT01777,GEN01
CNT01778,GEN10
CNT01778,GEN15
CNT01779,GEN02
CNT01779,GEN08
CNT01779,GEN04
CNT01780,GEN14
CNT01781,GEN09
CNT01781,GEN05
CNT01782,GEN14
CNT01783,GEN03
CNT01783,GEN04
CNT01784,GEN10
CNT01785,GEN08
CNT01785,GEN03
CNT01786,GEN12
CNT01787,GEN02
CNT01788,GEN11
CNT01789,GEN06
CNT01789,GEN11
CNT01789,GEN01
CNT01790,GEN05
CNT01791,GEN13
CNT01792,GEN13
CNT01793,GEN13
CNT01794,GEN02
CNT01794,GEN03
CNT01795,GEN11
CNT01795,GEN07
CNT01796,GEN08
CNT01797,GEN01
CNT01798,GEN12
CNT01799,GEN01
CNT01800,GEN13
CNT01800,GEN14
CNT01801,GEN01
CNT01802,GEN11
CNT01802,GEN12
CNT01803,GEN12
CNT01804,GEN05
CNT01804,GEN03
CNT01805,GEN09
CNT01806,GEN03
CNT01806,GEN02
CNT01807,GEN05
CNT01807,GEN15
CNT01808,GEN09
CNT01809,GEN06
CNT01809,GEN07
CNT01810,GEN03
CNT01810,GEN06
CNT01811,GEN08
CNT01811,GEN06
CNT01811,GEN13
CNT01812,GEN15
CNT01813,GEN07
CNT01813,GEN01
CNT01813,GEN04
CNT01814,GEN03
CNT01815,GEN01
CNT01816,GEN03
CNT01816,GEN02
CNT01817,GEN11
CNT01818,GEN07
CNT01818,GEN11
CNT01819,GEN09
CNT01820,GEN10
CNT01820,GEN01
CNT01821,GEN11
CNT01821,GEN14
CNT01822,GEN12
CNT01823,GEN08
CNT01824,GEN09
CNT01825,GEN12
CNT01826,GEN12
CNT01827,GEN01
CNT01827,GEN05
CNT01828,GEN02
CNT01829,GEN05
CNT01829,GEN10
CNT01830,GEN03
CNT01830,GEN07
CNT01831,GEN02
CNT01831,GEN09
CNT01832,GEN02
CNT01832,GEN05
CNT01833,GEN02
CNT01834,GEN10
CNT01835,GEN05
CNT01836,GEN04
CNT01836,GEN06
CNT01837,GEN05
CNT01837,GEN03
CNT01838,GEN08
CNT01839,GEN12
CNT01839,GEN08
CNT01839,GEN06
CNT01840,GEN01
CNT01841,GEN15
CNT01841,GEN02
CNT01842,GEN11
CNT01842,GEN08
CNT01843,GEN02
CNT01844,GEN02
CNT01844,GEN12
CNT01845,GEN15
CNT01845,GEN05
CNT01846,GEN08
CNT01846,GEN05
CNT01847,GEN01
CNT01848,GEN03
CNT01849,GEN14
CNT01849,GEN05
CNT01850,GEN11
CNT01851,GEN12
CNT01852,GEN14
CNT01853,GEN01
CNT01853,GEN15
CNT01854,GEN11
CNT01854,GEN15
CNT01855,GEN06
CNT01856,GEN10
CNT01856,GEN05
CNT01857,GEN02
CNT01857,GEN06
CNT01858,GEN03
CNT01858,GEN02
CNT01859,GEN08
CNT01860,GEN07
CNT01861,GEN08
CNT01861,GEN13
CNT01862,GEN15
CNT01863,GEN02
CNT01863,GEN03
CNT01864,GEN01
CNT01864,GEN14
CNT01865,GEN07
CNT01866,GEN08
CNT01866,GEN13
CNT01866,GEN10
CNT01867,GEN03
CNT01867,GEN10
CNT01868,GEN06
CNT01869,GEN14
CNT01869,GEN11
CNT01870,GEN12
CNT01870,GEN03
CNT01871,GEN08
CNT01872,GEN07
CNT01873,GEN02
CNT01874,GEN06
CNT01875,GEN14
CNT01876,GEN13
CNT01876,GEN12
CNT01877,GEN10
CNT01877,GEN04
CNT01878,GEN11
CNT01878,GEN14
CNT01878,GEN06
CNT01879,GEN12
CNT01880,GEN02
CNT01880,GEN07
CNT01881,GEN04
CNT01881,GEN08
CNT01882,GEN11
CNT01883,GEN03
CNT01883,GEN14
CNT01884,GEN15
CNT01884,GEN10
CNT01885,GEN11
CNT01886,GEN09
CNT01886,GEN14
CNT01886,GEN08
CNT01887,GEN14
CNT01887,GEN03
CNT01888,GEN08
CNT01889,GEN06
CNT01890,GEN01
CNT01890,GEN09
CNT01890,GEN04
CNT01891,GEN07
CNT01891,GEN15
CNT01892,GEN02
CNT01892,GEN08
CNT01893,GEN10
CNT01894,GEN14
CNT01895,GEN06
CNT01896,GEN08
CNT01897,GEN01
CNT01897,GEN02
CNT01898,GEN01
CNT01899,GEN01
CNT01899,GEN14
CNT01900,GEN10
CNT01901,GEN11
CNT01901,GEN05
CNT01901,GEN09
CNT01902,GEN11
CNT01902,GEN15
CNT01903,GEN06
CNT01904,GEN01
CNT01905,GEN14
CNT01905,GEN08
CNT01906,GEN13
CNT01907,GEN08
CNT01907,GEN12
CNT01908,GEN12
CNT01908,GEN08
CNT01909,GEN13
CNT01910,GEN01
CNT01910,GEN06
CNT01911,GEN11
CNT01912,GEN05
CNT01912,GEN09
CNT01912,GEN14
CNT01913,GEN02
CNT01914,GEN03
CNT01915,GEN14
CNT01916,GEN12
CNT01916,GEN07
CNT01917,GEN10
CNT01918,GEN02
CNT01919,GEN07
CNT01919,GEN04
CNT01919,GEN08
CNT01920,GEN04
CNT01920,GEN12
CNT01921,GEN13
CNT01922,GEN15
CNT01923,GEN11
CNT01923,GEN10
CNT01924,GEN15
CNT01925,GEN11
CNT01926,GEN09
CNT01926,GEN03
CNT01927,GEN01
CNT01927,GEN09
CNT01927,GEN12
CNT01928,GEN15
CNT01929,GEN10
CNT01930,GEN09
CNT01931,GEN15
CNT01931,GEN03
CNT01932,GEN03
CNT01932,GEN12
CNT01933,GEN02
CNT01933,GEN07
CNT01934,GEN10
CNT01934,GEN06
CNT01935,GEN07
CNT01936,GEN10
CNT01937,GEN13
CNT01937,GEN04
CNT01937,GEN05
CNT01938,GEN06
CNT01939,GEN08
CNT01939,GEN13
CNT01939,GEN03
CNT01940,GEN10
CNT01941,GEN12
CNT01941,GEN09
CNT01942,GEN12
CNT01943,GEN06
CNT01944,GEN15
CNT01944,GEN09
CNT01945,GEN04
CNT01945,GEN15
CNT01946,GEN05
CNT01946,GEN11
CNT01947,GEN11
CNT01948,GEN12
CNT01949,GEN03
CNT01949,GEN09
CNT01950,GEN11
CNT01951,GEN02
CNT01952,GEN09
CNT01952,GEN08
CNT01953,GEN11
CNT01953,GEN12
CNT01954,GEN12
CNT01955,GEN09
CNT01955,GEN05
CNT01956,GEN07
CNT01956,GEN13
CNT01957,GEN02
CNT01958,GEN03
CNT01959,GEN01
CNT01960,GEN13
CNT01961,GEN05
CNT01961,GEN11
CNT01962,GEN14
CNT01963,GEN13
CNT01964,GEN13
CNT01965,GEN06
CNT01966,GEN02
CNT01966,GEN10
CNT01967,GEN12
CNT01967,GEN09
CNT01968,GEN12
CNT01968,GEN11
CNT01969,GEN04
CNT01969,GEN09
CNT01970,GEN13
CNT01970,GEN12
CNT01971,GEN11
CNT01972,GEN07
CNT01973,GEN13
CNT01974,GEN06
CNT01974,GEN09
CNT01974,GEN01
CNT01975,GEN05
CNT01976,GEN14
CNT01977,GEN14
CNT01977,GEN08
CNT01978,GEN15
CNT01978,GEN11
CNT01979,GEN11
CNT01979,GEN06
CNT01980,GEN09
CNT01980,GEN12
CNT01981,GEN13
CNT01981,GEN12
CNT01982,GEN05
CNT01982,GEN08
CNT01982,GEN03
CNT01983,GEN02
CNT01983,GEN03
CNT01983,GEN14
CNT01984,GEN02
CNT01984,GEN07
CNT01985,GEN05
CNT01986,GEN03
CNT01986,GEN15
CNT01987,GEN05
CNT01987,GEN01
CNT01988,GEN12
CNT01989,GEN01
CNT01989,GEN03
CNT01989,GEN06
CNT01990,GEN13
CNT01990,GEN11
CNT01991,GEN11
CNT01991,GEN05
CNT01992,GEN10
CNT01993,GEN02
CNT01993,GEN13
CNT01994,GEN09
CNT01994,GEN04
CNT01995,GEN09
CNT01995,GEN02
CNT01995,GEN13
CNT01996,GEN07
CNT01997,GEN07
CNT01998,GEN04
CNT01999,GEN11
CNT01999,GEN06
CNT02000,GEN05
